6.549	1.649	4.39
6.062	1.692	3.388
6.831	1.5	4.754
8.488	1.92	3.465	2.431	2.431
6.245	1.761	2.906	0.737	0.737
7.125	1.716	3.901	0.791	0.791
8.828	1.644	5.787	0.717	0.717
7.052	1.665	3.867	0.816	0.816
8.484	2.41	5.479
5.705	1.467	3.86
5.72	1.684	3.307
6.442	1.395	3.757	0.799	0.799
4.613	1.245	2.351	0.65	0.65
6.354	1.462	3.054	0.68	0.68
5.316	1.464	2.681	0.657	0.657
6.46	2.391	2.953	0.663	0.663
5.275	1.563	2.673	0.665	0.665
6.142	1.526	3.552	0.634	0.634
5.142	1.652	2.388	0.72	0.72
5.472	1.514	3.602
13.936	1.304	3.092	2.071	2.071
4.978	1.262	2.561	0.692	0.692
5.382	1.614	2.639	0.688	0.688
5.635	1.437	2.344	1.399	0.6995
5.495	1.353	2.576	1.121	0.5605
5.73	1.351	2.788	1.068	0.534
5.682	1.505	2.668	1.055	0.5275
6.091	1.293	3.533	0.833	0.833
7.487	2.005	3.805	0.992	0.992
6.849	1.484	4.052	0.782	0.782
5.175	1.385	2.612	0.722	0.722
6.387	1.316	3.334	1.278	0.639
7.196	1.682	3.576	1.277	1.277
6.286	1.574	2.831	1.366	0.683
6.038	1.679	3.94
5.556	1.389	3.666
5.054	1.322	3.424
4.675	1.627	2.701
16.422	1.954	13.968
4.925	1.598	3.062
7.182	2.911	3.857
7.373	1.579	3.642	1.501	0.7505
9.523	2.373	4.018	2.444	1.222
6.708	1.538	3.264	1.287	0.6435
6.804	1.439	3.772	1.099	0.5495
5.363	1.334	2.52	1.049	0.5245
8.857	2.14	3.641	2.373	1.1865
6.113	1.253	3.233	1.149	0.5745
6.304	1.493	2.796	1.477	0.7385
7.675	1.892	3.706	1.519	0.7595
6.57	1.534	2.925	1.412	0.706
8.35	1.644	3.851	2.166	0.722
5.487	1.418	2.451	1.174	0.587
7.339	1.584	3.954	1.267	0.6335
9.277	1.947	3.192	3.249	1.083
6.228	1.695	2.615	1.368	0.684
8.164	1.561	3.806	2.179	0.726333
6.958	1.362	2.807	2.275	1.1375
6.686	1.516	3.61	1.077	1.077
6.434	1.587	3.642	0.683	0.683
5.592	1.318	2.986	0.84	0.84
13.688	1.688	11.617
4.536	1.351	2.865
4.926	1.341	3.242
5.024	1.404	2.55	0.701	0.701
5.559	1.39	3.127	0.64	0.64
5.011	1.444	2.45	0.728	0.728
7.998	1.553	5.064	0.749	0.749
4.851	1.357	2.47	0.657	0.657
6.086	1.351	3.571	0.758	0.758
8.012	1.425	4.5	1.441	0.7205
8.134	1.49	4.74	1.326	0.663
5.777	1.391	2.746	1.125	0.5625
7.852	2.023	4.29	1.083	0.5415
6.76	1.738	2.647	1.945	1.945
4.31	1.614	2.415
5.863	1.601	3.891
5.107	1.294	2.507	0.843	0.843
5.593	1.332	3.243	0.63	0.63
4.815	1.417	2.334	0.707	0.707
6.796	1.622	3.883	0.819	0.819
4.037	1.363	2.394
5.808	1.829	3.578
6.344	1.643	3.495	0.797	0.797
7.056	1.693	4.189	0.735	0.735
5.56	1.736	3.393
6.511	1.713	4.372
4.307	1.372	2.631
6.07	1.435	4.272
4.41	1.356	2.715
5.98	1.419	3.393	0.721	0.721
5.06	1.333	2.651	0.681	0.681
7.68	1.733	4.509	0.767	0.767
13.964	1.494	10.972	0.918	0.918
5.232	1.375	2.72	0.675	0.675
5.544	1.409	2.741	0.967	0.967
4.883	1.339	2.475	0.656	0.656
6.846	1.65	3.267	1.446	0.723
5.394	1.395	2.666	0.939	0.939
6.509	1.8	2.762	1.316	0.658
6.488	1.658	2.789	1.482	0.741
6.681	1.38	3.69	1.163	0.5815
5.694	1.489	2.652	1.112	0.556
7.628	1.807	3.997	1.266	0.633
5.382	1.382	2.37	1.265	0.6325
6.72	1.546	3.684	0.941	0.941
10.994	1.622	7.125	1.4	1.4
6.629	1.537	3.951	0.714	0.714
6.513	1.408	3.76	0.803	0.803
5.928	1.612	3.156	0.723	0.723
7.104	1.412	4.174	0.863	0.863
5.187	1.446	2.664	0.696	0.696
7.622	1.963	4.223	0.921	0.921
5.947	1.758	2.92	0.808	0.808
7.205	1.41	4.483	0.791	0.791
5.756	1.521	2.97	0.746	0.746
6.989	1.58	3.596	1.316	0.658
6.24	1.505	2.694	1.477	0.7385
6.561	1.51	3.717	0.893	0.893
5.412	1.964	2.407	0.658	0.658
5.633	1.768	2.668	0.76	0.76
6.704	1.573	3.883	0.743	0.743
5.849	1.516	3.074	0.735	0.735
4.784	1.37	2.379	0.69	0.69
5.819	1.829	2.752	0.851	0.851
6.011	1.706	3.175	0.636	0.636
6.079	1.588	3.092	0.778	0.778
7.258	1.786	3.261	1.619	0.8095
6.483	1.884	2.916	1.199	0.5995
6.539	1.91	2.988	1.083	1.083
6	1.535	3.136	0.87	0.87
4.839	1.608	2.888
6.371	1.617	4.38
4.628	1.658	2.632
6.131	1.734	4.027
5.285	1.788	3.117
5.75	1.657	3.76
5.789	2.068	3.312
6.487	1.773	4.25
5.825	1.864	3.454
7.155	1.632	5.036
5.001	1.616	2.979
12.287	1.542	10.345
5.77	1.56	2.982	0.707	0.707
6.542	1.611	3.676	0.706	0.706
5.658	1.593	2.833	0.738	0.738
8.507	1.791	4.837	1.116	1.116
6.032	1.759	2.902	0.888	0.888
6.456	1.841	3.205	0.835	0.835
6.536	1.804	3.299	0.885	0.885
9.964	2.255	5.97	1.109	1.109
7.17	1.579	4.267	0.813	0.813
6.426	1.662	3.617	0.756	0.756
5.785	1.605	2.702	0.941	0.941
6.781	1.613	2.814	1.649	0.8245
5.156	1.288	2.408	1.057	0.5285
6.212	1.486	3.048	1.209	0.6045
5.45	1.423	2.546	1.044	0.522
6.521	1.507	3.392	1.172	0.586
5.29	1.595	2.275	0.975	0.4875
5.411	1.36	2.414	1.241	0.6205
5.238	1.432	2.263	1.119	0.5595
5.431	1.461	2.454	1.095	0.5475
5.256	1.349	2.42	1.075	0.5375
6.177	1.708	2.568	1.424	0.712
9.848	2.278	5.439	1.482	0.741
6.418	1.842	2.861	1.197	0.5985
6.618	1.441	3.67	1.083	0.5415
6.195	1.39	3.297	0.987	0.987
6.054	1.681	2.861	0.981	0.981
4.951	1.36	2.436	0.725	0.725
7.33	1.659	3.364	1.606	0.803
10.536	1.532	2.664	1.385	0.6925	4.192	4.192
7.205	2.085	3.154	1.378	0.689
7.488	1.683	3.821	1.369	0.6845
4.99	1.4	2.399	0.852	0.852
6.178	1.418	3.699	0.659	0.659
12.527	1.647	2.956	2.858	0.952667	4.255	4.255
12.043	1.676	2.933	2.072	0.690667	4.431	4.431
7.687	1.361	3.611	2.117	0.52925
12.834	1.509	2.53	3.503	1.7515	4.332	4.332
10.468	1.633	2.697	1.301	0.6505	4.04	4.04
11.102	1.484	3.445	1.315	0.6575	4.06	4.06
9.723	1.423	2.696	1.096	0.548	3.783	3.783
10.385	1.362	3.475	1.085	0.5425	3.795	3.795
5.71	1.468	2.687	1.08	0.54
10.52	1.235	3.25	1.798	0.599333	3.539	3.539
10.9	1.398	3.167	1.707	0.569	3.942	3.942
6.734	1.465	2.677	1.999	0.666333
8.533	1.592	4.11	2.153	0.717667
21.013	1.446	3.435	2.386	0.795333	12.8	12.8
12.405	1.477	3.478	2.555	0.63875	4.043	4.043
6.412	1.386	2.457	1.973	0.49325
7.054	1.406	3.833	1.322	0.661
6.226	1.414	3.279	1.059	0.5295
5.872	1.442	2.676	1.246	0.623
7.068	1.626	3.725	1.254	0.627
5.119	1.336	2.487	0.906	0.906
7.52	1.842	4.123	0.981	0.981
6.861	1.826	3.449	0.974	0.974
5.173	1.416	2.574	0.76	0.76
6.185	1.753	3.169	0.786	0.786
5.258	1.38	2.762	0.726	0.726
7.198	1.806	4.024	0.807	0.807
6.926	1.485	3.663	1.185	1.185
6.901	1.667	3.75	0.915	0.915
7.535	1.719	3.668	1.445	0.7225
8.14	1.504	3.93	2.119	0.706333
7.212	1.604	3.434	1.49	0.745
10.78	1.687	3.182	1.34	1.34	3.731	3.731
11.962	1.761	2.925	1.402	0.701	5.03	5.03
7.854	1.672	4.34	1.071	1.071
7.478	1.624	4.447	0.826	0.826
6.727	1.535	3.258	1.382	0.691
6.173	1.735	2.762	1.172	0.586
7.136	1.383	2.94	2.212	0.737333
6.688	1.704	2.514	1.919	0.639667
8.322	1.375	3.133	2.997	0.999
7.737	1.618	3.16	1.876	0.625333
7.355	1.777	3.26	1.8	0.9
10.099	1.496	5.274	2.749	1.3745
8.232	1.349	4.585	1.648	0.824
7.916	1.883	4.103	1.33	0.665
6.664	1.631	3.236	1.223	0.6115
8.95	1.567	4.201	2.363	0.59075
6.245	1.389	2.52	1.905	0.9525
8.276	1.848	3.609	2.185	0.728333
11.595	2.572	5.853	2.336	1.168
7.632	1.677	4.216	1.146	1.146
6.444	1.377	3.816	0.817	0.817
7.073	1.399	2.913	2.181	1.0905
5.455	1.361	2.551	1.08	0.54
6.637	1.547	3.547	1.12	0.56
5.69	1.424	2.586	1.153	0.5765
6.937	1.643	3.732	1.143	0.5715
5.471	1.311	2.575	1.024	0.512
11.241	1.445	3.974	1.158	0.579	3.762	3.762
11.999	1.413	2.715	1.176	0.588	5.95	5.95
23.578	1.851	4.857	1.755	0.8775	5.98	5.98
11.423	1.483	3.548	1.228	0.614	4.104	4.104
8.042	1.641	4.235	1.492	0.746
16.62	1.612	4.125	1.253	0.6265	8.56	8.56
11.611	2.028	3.342	1.177	0.5885	4.201	4.201
13.175	1.479	3.207	2.866	0.955333	4.49	4.49
7.688	1.705	2.77	2.651	1.3255
18.466	1.565	3.949	12.26	6.13
12.8	1.92	3.577	1.551	0.7755	4.67	4.67
7.432	1.899	3.151	1.542	0.771
22.8	1.554	4.955	1.458	0.729	12.869	12.869
5.818	1.578	2.61	1.175	0.5875
6.432	2.004	2.779	1.194	0.597
11.966	1.634	3.289	1.364	0.682	4.593	4.593
5.21	1.409	3.405
5.048	1.621	3.035
4.99	1.493	3.136
4.557	1.472	2.735
4.734	1.458	2.944
5.271	1.721	3.167
6.364	1.574	4.441
4.26	1.494	2.473
5.426	1.835	3.157
5.035	1.335	3.394
9.102	1.81	6.801
5.705	1.615	3.739
4.723	1.605	2.797
6.434	1.821	4.019
4.886	1.615	2.95
6.616	1.626	4.658
4.783	1.495	2.928
5.186	1.431	3.419
4.461	1.581	2.547
5.476	1.562	3.594
4.497	1.296	2.88
5.281	1.471	3.463
6.196	1.659	3.967
6.358	1.598	4.322
4.383	1.349	2.689
6.266	1.385	4.465
4.42	1.44	2.658
5.916	1.515	4.054
4.519	1.339	2.801
6.609	1.715	4.494
5.078	1.804	2.881
6.421	1.942	4.118
6.793	2.12	4.265
5.731	1.568	3.719
5.29	1.743	3.123
6.134	1.887	3.895
5.234	1.84	2.922
4.912	1.75	2.791
6.208	1.576	4.229
4.786	1.639	2.846
5.09	1.585	3.119
5.283	1.592	3.36
4.878	1.478	3.097
6.887	1.788	4.506
4.163	1.379	2.514
6.425	1.834	4.24
4.742	1.449	2.972
5.269	1.799	3.103
5.268	1.568	3.328
7.241	1.582	5.183
4.86	1.525	3.008
4.697	1.358	2.941
4.758	1.671	2.788
5.018	1.733	2.952
5.726	2.183	3.18
6.272	1.544	4.347
5.52	1.439	3.709
4.85	1.54	2.957
4.833	1.576	2.89
6.869	1.39	5.025
6.304	2.439	3.498
5.82	1.653	3.809
5.264	1.731	3.129
6.191	1.688	4.084
6.081	1.738	3.948
9.34	1.784	7.075
15.751	2.443	12.8
9.148	1.667	6.984
6.73	1.609	4.656
5.522	1.716	3.421
5.212	1.603	3.263
4.555	1.499	2.728
5.262	1.528	3.392
5.269	1.491	3.397
6.051	1.591	4.019
5.866	2.439	3.038
6.497	1.603	4.478
4.883	1.488	3.028
5.573	1.529	3.664
4.594	1.592	2.718
6.403	1.707	4.299
6.229	1.819	3.878
17.913	1.724	15.485
4.963	1.525	3.07
6.064	1.704	3.951
5.699	1.851	3.525
6.21	1.624	4.167
5.367	1.667	3.306
5.255	1.636	3.205
4.443	1.44	2.676
5.607	1.479	3.812
5.184	1.533	3.236
5.314	1.698	3.228
5.297	1.757	3.179
5.49	1.481	3.638
14.008	1.944	11.611
11.293	5.276	5.472
6.024	1.474	4.071
6.99	1.753	4.722
8.661	1.739	6.352
5.944	1.522	4.04
5.507	1.543	3.544
5.976	1.62	3.911
6.392	1.572	4.275
5.926	1.513	4.031
5.917	1.576	3.86
7.052	1.808	4.613
6.273	2.166	3.76
5.229	1.381	3.553
5.637	1.781	3.189
7.505	1.49	5.62
4.895	1.736	2.81
5.037	1.575	3.014
4.6	1.482	2.768
5.356	1.469	3.474
4.505	1.466	2.72
5.771	1.586	3.854
6.783	1.861	4.504
6.438	1.636	4.16
5.535	2.042	3.124
5.625	1.662	3.584
5.019	1.627	2.955
5.464	1.424	3.682
4.77	1.481	3.002
5.391	1.472	3.62
5.226	1.725	3.076
4.516	1.466	2.73
5.16	1.64	3.016
4.596	1.495	2.752
4.798	1.646	2.814
4.993	1.553	3.111
6.694	1.909	4.206
6.239	1.559	4.269
16.427	2.004	4.404
6.459	1.729	4.308
5.231	1.692	3.158
5.481	1.466	3.561
6.168	1.675	4.105
4.759	1.606	2.829
5.048	1.757	2.971
5.637	1.838	3.373
4.824	1.544	2.945
5.204	1.663	3.101
4.797	1.579	2.893
4.851	1.491	3.014
5.428	1.471	3.646
5.217	1.729	3.108
15.391	1.636	13.071
4.994	1.75	2.939
5.381	1.493	3.533
7.116	1.588	5.049
5.865	1.834	3.645
5.789	2.097	3.316
8.1	1.488	6.224
5.382	1.5	3.49
10.257	6.863	3.02
5.874	1.961	3.519
6.602	1.449	4.713
5.433	1.651	3.42
4.882	1.561	3
6.971	2.456	4.073
5.096	1.781	3.006
17.313	1.614	15.251
5.58	1.934	3.218
4.959	1.617	2.959
5.983	1.497	4.067
4.85	1.497	2.983
5.795	1.496	3.882
6.671	1.547	4.283
6.569	1.957	4.134
8.971	1.926	6.665
8.263	1.917	5.916
4.706	1.565	2.734
7.507	3.34	3.811
4.422	1.429	2.677
5.665	1.617	3.714
4.85	1.716	2.833
5.642	1.593	3.747
4.74	1.655	2.782
5.895	1.599	3.947
5.157	1.624	3.145
6.042	1.904	3.806
6.048	1.601	4.103
6.496	1.542	4.279
5.714	1.886	3.431
6.111	1.753	4.022
5.64	1.538	3.752
5.815	1.689	3.746
4.997	1.712	2.957
6.369	1.586	4.432
5.751	1.451	3.859
4.962	1.412	3.286
4.559	1.604	2.643
12.469	2.391	9.511
5.392	1.41	3.629
5.301	2.315	2.685
4.774	1.544	2.9
9.917	2.279	7.227
6.11	1.565	4.173
5.153	1.705	3.046
5.5	1.526	3.656
4.711	1.583	2.789
5.811	1.537	3.913
5.774	2.368	2.931
5.757	1.515	3.873
4.911	1.486	3.028
6.609	1.649	4.587
5.652	1.594	3.432
6.595	1.7	4.465
5.22	1.617	3.195
6.139	1.602	4.105
5.281	1.678	3.193
5.639	1.571	3.674
4.724	1.584	2.787
5.875	1.588	3.868
4.558	1.466	2.761
6.244	1.434	4.346
5.601	1.613	3.582
6.496	1.754	4.357
5.857	1.777	3.632
20.315	3.198	16.572
4.865	1.504	2.973
6.154	1.73	3.977
6.492	1.591	4.479
7.18	1.911	4.866
7.878	1.559	5.425
5.678	1.603	3.735
4.855	1.635	2.833
5.634	1.736	3.581
5.058	1.852	2.841
6.176	1.581	4.005
5.784	1.768	3.485
6.124	1.663	3.981
5.162	1.782	2.978
6.426	1.816	4.228
5.722	1.812	3.497
5.954	1.693	3.863
5.15	1.658	3.109
6.488	1.816	4.176
5.213	1.792	3.028
6.522	1.577	4.518
4.788	1.588	2.872
7.356	1.849	4.927
6.389	1.606	4.333
6.397	1.76	4.249
5.356	1.632	3.252
6.374	1.701	4.259
7.27	1.57	4.857
5.908	1.817	3.745
5.778	1.633	3.704
6.057	1.627	3.966
5.028	1.574	3.077
5.21	1.782	3.028
5.158	1.584	3.171
4.742	1.649	2.79
6.799	1.664	4.629
4.917	1.555	2.975
6.023	1.696	3.9
5.968	1.737	3.813
5.119	1.674	3.051
5.814	1.82	3.549
5.34	1.855	3.117
7.168	2.013	4.735
5.206	1.634	3.185
7.033	1.554	5.027
5.262	1.503	3.372
5.809	1.963	3.349
5.474	1.526	3.465
6.158	1.743	3.992
4.643	1.573	2.724
6.226	1.628	4.209
6.351	1.737	4.209
6.768	1.571	4.835
5.498	1.549	3.522
5.809	1.613	3.797
5.354	1.637	3.323
6.689	1.726	4.474
5.036	1.649	2.999
5.624	2.147	3.184
5.157	1.525	3.24
5.483	1.469	3.623
5.523	1.621	3.501
6.02	2.344	3.308
5.444	1.678	3.386
4.873	1.606	2.92
4.839	1.683	2.846
5.189	1.571	3.218
5.242	1.577	3.253
6.446	1.969	3.223
6.451	2.41	3.682
5.01	1.641	2.996
5.525	1.715	3.406
4.957	1.624	2.998
5.774	1.664	3.726
4.956	1.608	2.936
6.207	1.67	4.147
6.524	1.568	4.529
6.547	2.347	3.816
4.681	1.521	2.809
5.295	1.545	3.451
5.188	1.714	3.067
7.712	1.582	4.666
4.737	1.773	2.621
5.855	1.748	3.719
5.265	1.664	3.221
6.123	1.713	4.035
6.875	1.969	4.438
5.807	1.531	3.876
5.459	1.624	3.536
7.472	1.724	5.214
4.88	1.69	2.819
7.249	1.8	5.03
5.903	2.394	3.119
6.002	1.609	4.019
4.832	1.39	3.074
6.22	1.729	4.112
4.861	1.646	2.831
5.225	1.668	3.162
4.902	1.556	2.988
5.713	1.647	3.685
4.894	1.672	2.882
5.742	1.645	3.684
4.821	1.586	2.858
6.285	1.696	4.082
6.014	1.631	4.008
5.879	1.694	3.816
5.13	1.733	3.013
5.72	1.547	3.777
5.107	1.598	3.068
6.803	2.321	4.05
5.583	1.605	3.37
6.95	1.779	4.64
4.653	1.611	2.702
5.795	1.59	3.811
4.396	1.566	2.501
6.085	1.607	4.033
5.087	1.73	2.96
14.446	2.791	11.165
5.285	1.672	3.236
17.984	1.663	15.852
4.922	1.649	2.891
6.47	1.785	4.245
4.788	1.538	2.893
8.818	1.754	6.606
4.796	1.691	2.777
6.299	1.53	4.294
5.007	1.583	3.051
6.327	1.697	4.143
5.202	1.802	3.079
6.356	1.734	4.168
5.02	1.616	3.031
5.607	1.716	3.43
4.387	1.489	2.602
5.212	1.658	3.192
5.89	1.733	3.722
5.197	1.695	3.1
5.572	1.693	3.403
4.479	1.47	2.702
4.933	1.633	2.937
6.523	1.8	4.351
5.177	1.623	3.249
5.762	1.55	3.892
5.076	1.724	2.954
5.08	1.479	3.208
5.7	1.597	3.814
5.127	1.708	3.065
5.757	1.625	3.797
4.947	1.661	2.915
7.448	1.424	5.577
5.571	2.553	2.691
6.674	1.733	4.239
5.572	1.64	3.516
6.067	1.472	4.244
4.818	1.714	2.778
6.571	1.596	4.513
5.424	1.68	3.287
5.825	1.464	3.974
4.485	1.524	2.692
5.958	1.77	2.846
6.088	2.924	2.818
5.688	1.707	3.583
4.827	1.594	2.856
5.679	1.56	3.771
5.536	1.424	3.752
6.358	1.683	4.232
5.922	1.938	3.479
6.418	1.657	4.341
4.799	1.511	2.96
6.062	1.747	3.946
4.814	1.61	2.883
5.454	1.388	3.765
5.55	1.514	3.719
5.322	1.55	3.439
4.515	1.471	2.757
8.509	1.645	6.31
4.354	1.449	2.63
6.956	2.051	4.571
6.08	1.337	4.087
5.907	1.497	4.054
6.551	1.628	4.455
6.129	1.605	4.156
14.523	1.823	4.593
5.716	1.507	3.868
4.752	1.45	2.93
6.579	1.663	4.543
4.577	1.463	2.777
5.715	1.521	3.829
4.514	1.521	2.722
5.705	1.429	3.971
5.992	1.871	3.738
5.061	1.556	3.223
4.865	1.683	2.856
6.578	1.847	4.363
6.339	1.611	4.348
5.613	1.752	3.496
4.675	1.653	2.775
4.457	1.477	2.714
5.85	1.979	3.424
5.94	1.832	3.757
7.571	2.261	4.881
5.417	1.581	3.311
5.184	1.417	3.451
5.964	1.817	3.75
5.309	1.555	3.463
4.378	1.458	2.621
5.686	1.564	3.768
4.684	1.592	2.747
4.435	1.467	2.701
8.551	2.144	5.918
5.511	1.268	3.974
4.349	1.562	2.482
5.367	1.497	3.539
10.55	2.037	7.957
4.489	1.366	2.779
4.591	1.527	2.74
4.667	1.569	2.744
4.058	1.345	2.453
5.934	1.513	3.982
4.415	1.531	2.546
5.36	1.392	3.638
6.343	1.826	3.918
5.819	1.614	3.754
5.297	1.618	3.302
7.335	1.449	5.224
4.756	1.619	2.756
5.369	1.51	3.546
6.149	1.57	3.516
5.65	1.521	3.729
5.709	1.77	3.463
5.93	1.445	4.11
4.665	1.55	2.805
5.776	1.713	3.7
5.607	1.54	3.27
5.471	1.545	3.604
4.882	1.49	3.032
5.478	1.428	3.47
4.122	1.461	2.331
5.748	1.533	3.782
4.539	1.471	2.765
6.075	1.58	4.137
4.757	1.622	2.836
6.019	1.685	3.967
4.537	1.538	2.696
6.453	1.556	4.454
4.534	1.583	2.669
6.864	1.728	4.663
7.439	2.651	4.322
6.733	1.528	4.766
4.908	1.415	3.155
5.595	1.591	3.682
4.746	1.751	2.692
5.677	1.555	3.752
4.933	1.532	3.087
7.458	1.492	3.965
4.891	1.424	3.058
4.726	1.44	2.943
6.042	1.448	4.199
4.515	1.47	2.707
4.724	1.497	2.902
5.437	1.77	3.304
5.904	1.492	4.078
4.467	1.555	2.623
4.814	1.492	2.93
4.554	1.505	2.668
4.405	1.428	2.677
5.528	1.924	3.259
4.564	1.45	2.801
4.826	1.669	2.855
5.739	1.63	3.753
5.705	1.766	3.495
6.338	1.662	4.314
4.689	1.637	2.758
4.572	1.474	2.819
4.992	1.839	2.825
6.175	1.693	4.116
5.322	1.845	3.032
5.466	1.527	3.58
4.377	1.418	2.644
5.495	1.517	3.614
4.701	1.473	2.863
5.091	1.822	2.869
4.749	1.67	2.77
4.694	1.531	2.8
4.96	1.662	2.939
5.119	1.699	3.048
5.289	1.556	3.352
6.494	1.702	4.405
7.276	1.78	5.007
5.976	1.704	3.868
6.967	2.235	4.348
5.017	1.615	3.039
4.724	1.59	2.83
8.569	2.36	5.658
4.974	1.543	3.092
7.047	2.371	4.276
5.926	1.817	3.683
4.782	1.703	2.718
5.251	1.446	3.341
5.162	1.628	3.195
5.715	1.716	3.561
5.036	1.492	3.121
4.66	1.525	2.831
4.683	1.551	2.832
5.576	1.504	3.757
5.828	2.093	3.411
5.531	1.502	3.67
4.563	1.65	2.606
5.778	1.339	4.076
4.454	1.602	2.592
6.734	2.449	3.892
4.61	1.36	2.904
4.538	1.469	2.755
5.054	1.774	2.976
5.704	1.684	2.885
4.687	1.611	2.759
7.76	2.205	5.124
5.534	1.641	3.48
6.957	1.925	4.644
4.591	1.601	2.701
5.734	1.592	3.793
4.659	1.528	2.824
5.687	1.723	3.653
5.678	1.751	3.567
6.634	1.698	4.549
4.671	1.57	2.769
5.545	1.528	3.726
5.591	1.918	3.297
6.827	1.805	4.664
6.87	2.36	4.06
14.801	2.087	12.14
4.829	1.78	2.685
7.481	1.576	5.396
9.193	2.325	6.214
5.339	1.465	3.626
4.792	1.458	2.906
4.314	1.435	2.615
5.406	1.911	3.173
10.341	2.444	7.284
4.476	1.351	2.81
4.334	1.335	2.614
4.587	1.681	2.574
4.983	1.642	3.02
4.147	1.327	2.552
6.29	2.179	3.758
6.154	2.072	3.718
12.041	2.147	9.397
4.3	1.302	2.628
4.936	1.577	3.059
6.512	1.672	4.491
4.349	1.487	2.527
8.32	2.194	5.671
5.169	2.065	2.814
6.956	2.149	4.406
6.255	1.905	3.946
6.787	1.676	4.661
3.85	1.354	2.221
4.825	1.335	3.238
4.743	1.49	2.949
5.758	1.569	3.918
6.744	2.252	4.053
5.03	1.428	3.359
5.362	1.887	3.164
7.582	2.032	5.095
5.196	1.688	3.176
6.514	1.775	4.409
5.169	1.712	3.148
5.871	1.494	4.016
4.716	1.271	3.118
7.617	1.944	5.128
8.845	1.917	6.399
6.263	1.562	4.312
4.044	1.328	2.416
6.032	1.648	3.993
5.899	1.898	3.625
7.38	2.036	4.926
6.929	2.174	4.322
6.603	1.944	4.322
4.656	1.565	2.774
5.571	1.728	3.513
6.086	1.755	3.933
5.247	1.447	3.266
5.794	1.812	3.623
6.669	2.131	4.132
8.958	2.164	6.278
5.12	1.419	3.36
4.1	1.309	2.504
4.497	1.424	2.796
4.272	1.493	2.52
4.628	1.528	2.837
6.547	2.324	3.768
8.942	2.616	4.634
4.832	1.469	3.106
4.321	1.473	2.579
6.688	1.868	4.424
4.917	1.713	2.866
8.465	2.121	5.579
5.461	1.706	3.276
5.072	1.375	3.427
7.143	2.805	3.775
5.218	1.44	3.506
4.827	1.523	2.97
5.485	1.495	3.684
5.215	1.541	3.273
7.77	2.017	5.327
5.076	1.406	3.245
9.787	2.16	7.21
5.86	1.928	3.543
8.759	2.003	6.286
3.989	1.382	2.348
5.39	1.674	3.411
4.635	1.479	2.845
6.806	1.807	4.585
6.038	2.089	3.544
5.499	1.324	3.841
4.321	1.436	2.537
6.274	1.575	4.404
4.021	1.356	2.366
7.19	1.881	4.987
9.955	2.46	6.868
6.416	1.337	4.636
4.16	1.389	2.494
5.41	1.432	3.65
4.749	1.812	2.665
5.629	1.502	3.782
5.085	1.738	3.055
6.349	1.8	4.085
4.484	1.291	2.887
6.25	1.83	4.073
5.386	1.983	3.086
4.834	1.429	3.163
4.877	1.573	3.02
4.875	1.716	2.885
5.824	1.767	3.673
6.017	1.432	4.266
14.783	9.115	4.884
5.134	1.331	3.486
5.121	1.542	3.307
5.561	1.869	3.338
5.318	1.378	3.613
4.842	1.701	2.882
6.778	2.104	4.279
3.933	1.228	2.421
5.445	1.573	3.523
4.386	1.284	2.789
7.202	1.587	5.221
4.796	1.542	2.873
5.319	1.63	3.303
4.695	1.584	2.748
5.489	1.581	3.595
4.755	1.82	2.607
7.559	1.882	5.261
6.902	1.508	4.798
5.224	1.687	3.044
4.609	1.578	2.738
4.78	1.737	2.739
4.146	1.529	2.335
6.571	1.836	4.344
10.738	3.218	6.929
4.009	1.325	2.416
8.623	2.06	6.01
4.49	1.31	2.763
4.131	1.467	2.423
4.135	1.351	2.501
5.453	1.806	3.261
6.39	1.845	4.132
4.82	1.539	2.958
5.677	1.584	3.765
4.688	1.489	2.912
5.667	1.55	3.761
5.731	1.881	3.466
7.676	2.166	4.855
6.612	2.194	3.973
6.117	1.594	4.178
3.997	1.421	2.33
7.069	1.978	4.729
4.383	1.627	2.474
7.205	2.238	4.5
6.825	2.433	3.899
7.004	2.389	4.099
6.163	2.081	3.713
6.323	1.986	3.916
4.47	1.456	2.679
6.261	1.906	3.968
5.341	1.55	3.417
6.328	1.94	4.06
4.098	1.368	2.473
5.889	1.662	3.87
5.912	1.971	3.528
6.392	1.574	4.409
4.363	1.307	2.773
6.51	1.86	4.246
4.195	1.36	2.576
7.793	1.844	5.536
5.457	1.951	3.057
7.767	1.779	5.372
7.414	1.934	5.047
4.968	1.292	3.36
4.749	1.546	2.884
5.089	1.407	3.406
6.658	1.79	4.284
4.986	1.376	3.32
5.939	1.78	3.769
4.767	1.313	3.136
4.723	1.628	2.775
5.28	1.434	3.566
4.426	1.499	2.662
6.477	1.632	4.457
4.605	1.561	2.757
5.275	1.739	3.223
5.932	2.261	3.334
9.26	2.296	5.842
5.799	2.511	2.977
4.396	1.427	2.71
4.496	1.451	2.677
5.255	1.41	3.541
4.896	1.684	2.872
6.248	1.657	4.19
4.603	1.479	2.804
5.477	1.873	3.272
5.983	1.863	3.739
4.65	1.65	2.697
5.115	1.644	3.135
6.053	1.981	3.662
5.713	1.823	3.505
5.394	1.735	3.31
8.236	2.087	5.742
7.151	2.596	3.82
6.707	2.184	4.032
6.136	2.238	3.51
5.315	1.391	3.632
5.061	1.634	3.092
6.422	1.692	4.392
10.595	2.725	7.322
5.935	1.624	3.873
6.016	2.027	3.536
5.327	1.626	2.675
5.108	1.738	3.059
6.335	1.827	4.144
4.88	1.606	2.939
7.739	2.029	5.294
4.586	1.479	2.844
7.343	1.943	4.83
5.528	1.684	3.413
9.89	1.911	7.37
4.001	1.325	2.438
5.162	1.503	3.358
4.481	1.533	2.659
8.034	1.861	5.616
3.924	1.297	2.373
5.278	1.469	3.534
4.992	1.703	2.968
6.694	1.941	4.402
5.962	1.753	3.757
5.519	1.958	3.134
5.192	1.443	3.485
4.757	1.489	2.94
4.943	1.358	3.281
5.22	1.606	3.244
5.47	1.458	3.653
4.885	1.598	2.97
6.421	1.593	4.492
4.878	1.588	2.976
3.989	1.267	2.466
5.914	1.589	3.915
6.104	1.591	4.2
4.74	1.65	2.786
8.038	1.97	5.583
4.834	1.678	2.779
4.908	1.614	2.97
4.507	1.602	2.641
4.275	1.41	2.55
4.605	1.393	2.91
7.178	2.059	4.635
4.302	1.39	2.656
5.925	1.471	4.072
4.356	1.379	2.657
5.768	1.33	4.125
4.7	1.5	2.833
4.057	1.281	2.526
5.706	1.537	3.738
6.249	1.562	4.306
4.036	1.462	2.332
5.627	1.531	3.685
5.43	1.726	3.336
5.408	1.707	3.431
5.37	2.005	3.036
6.837	1.973	4.529
6.135	2.062	3.664
6.808	1.484	4.957
6.537	2.177	3.931
5.665	1.886	3.476
4.565	1.689	2.588
5.707	1.617	3.772
4.71	1.616	2.775
7.084	1.772	4.689
6.323	2.083	3.885
6.391	1.886	4.179
9.522	2.564	6.348
4.062	1.244	2.55
4.389	1.504	2.566
5.567	1.459	3.747
4.206	1.543	2.347
6.012	1.93	3.638
6.219	2.186	3.664
5.287	1.844	3.115
5.706	1.867	3.5
4.694	1.315	3.011
6.277	1.71	4.277
6.069	1.772	3.903
4.948	1.368	3.287
4.926	1.647	2.988
9.421	2.849	5.972
4.838	1.524	3.004
5.146	1.403	3.434
4.724	1.509	2.924
5.836	1.822	3.641
6.769	2.065	4.257
9.934	2.323	6.362
6.192	1.329	4.448
6.537	1.454	4.591
4.014	1.304	2.479
4.299	1.408	2.622
5.564	1.757	3.441
9.535	1.67	7.398
4.591	1.564	2.714
6.865	2.117	4.407
6.002	2.016	3.515
6.512	1.961	4.146
7.71	1.534	5.762
5.257	1.408	3.573
4.267	1.352	2.615
6.301	1.676	4.275
4.654	1.555	2.824
5.466	1.513	3.669
5.186	1.817	2.974
5.336	1.359	3.688
4.795	1.711	2.788
8.385	2.137	5.611
4.015	1.339	2.414
5.824	1.426	4.038
4.956	1.38	3.325
5.575	1.414	3.869
6.69	1.997	4.218
4.693	1.317	3.123
3.975	1.327	2.427
5.758	1.415	4.019
4.528	1.492	2.65
4.161	1.303	2.539
5.253	1.592	3.3
5.231	1.695	3.224
4.416	1.553	2.616
5.325	1.899	3.111
9.447	2.105	6.71
4.385	1.385	2.699
4.221	1.279	2.595
6.313	1.787	4.172
4.657	1.321	2.971
4.157	1.448	2.46
5.294	1.758	3.22
6.698	2.082	4.154
5.978	2.028	3.505
6.511	2.048	3.985
4.594	1.574	2.718
5.343	1.689	3.342
5.459	1.904	3.232
8.471	2.153	5.78
7.085	2.072	4.533
17.152	2.098	14.596
4.716	1.531	2.878
6.377	1.7	4.325
5.408	1.667	3.402
5.727	1.843	3.557
4.575	1.506	2.778
8.18	1.57	4.539	1.596	1.596
8.447	1.944	4.796	1.074	1.074
9.69	2.855	4.689	1.319	1.319
6.991	1.728	3.804	0.859	0.859
6.386	1.745	3.128	0.929	0.929
12.236	2.644	9.043
8.492	2.253	5.734
4.746	1.381	3.106
4.196	1.488	2.44
7.738	2.065	5.113
6.827	1.77	3.603	0.956	0.956
7.399	2.003	4.916
4.527	1.477	2.777
5.005	1.34	3.396
5.809	2.247	3.216
4.833	1.353	3.143
5.423	1.69	3.325
5.395	1.601	3.517
4.558	1.629	2.615
6.199	1.843	3.902
6.312	2.046	3.834
6.34	1.919	4.073
5.359	1.867	3.186
5.637	1.532	3.762
6.485	1.993	4.045
7.939	2.131	5.338
5.966	1.918	3.602
5.246	1.758	3.159
6.328	2.014	3.933
6.865	2.138	4.326
6.447	1.971	4.024
5.181	1.53	3.378
6.97	2.645	3.902
7.601	1.92	3.958
6.997	2.24	4.321
5.212	1.783	3.159
9.415	2.141	6.53
4.236	1.521	2.476
4.628	1.518	2.812
3.799	1.279	2.298
5.294	1.703	3.255
6.007	1.514	4.151
5.126	1.715	2.967
7.24	2.239	4.608
4.896	1.648	2.981
5.437	1.531	3.587
5.103	1.497	3.187
5.652	1.585	3.782
5.448	1.684	3.371
5.569	1.673	3.611
5.379	1.629	3.366
5.559	1.56	3.738
4.186	1.392	2.533
5.799	1.758	3.76
7.835	2.534	4.816
4.819	1.395	3.164
4.742	1.663	2.806
6.76	1.65	4.7
4.961	1.662	2.984
5.72	1.614	3.792
5.204	1.765	3.102
5.409	1.283	3.821
5.207	1.349	3.612
4.215	1.428	2.528
7.379	2.277	4.723
7.068	2.317	4.238
10.206	2.735	6.885
8.552	1.955	5.92
4.997	1.393	3.354
4.372	1.526	2.514
5.656	1.479	3.747
5.483	1.839	3.333
7.38	2.08	4.802
7.23	2.164	4.519
7.103	1.913	4.742
5.136	1.64	3.053
5.54	1.663	3.584
4.316	1.454	2.574
5.629	1.823	3.4
9.996	1.719	7.783
4.567	1.425	2.844
4.695	1.506	2.886
4.181	1.39	2.548
6.086	2.055	3.666
7.001	2.113	4.5
4.052	1.387	2.377
6.692	1.54	4.675
4.627	1.577	2.749
5.86	1.704	3.874
7.032	2.073	4.408
6.544	1.562	4.568
4.123	1.443	2.439
5.111	1.608	3.157
5.174	1.694	3.183
7.781	1.939	5.441
7.491	1.993	5.054
4.851	1.387	3.142
4.38	1.505	2.591
6.383	1.893	4.155
5.308	1.727	3.261
7.917	1.813	5.484
5.766	1.912	3.404
5.663	1.672	3.66
8.348	2.422	5.301
5.395	1.477	3.595
8.023	2.244	5.235
4.953	1.565	3.118
4.267	1.382	2.571
6.388	1.642	4.351
5.899	1.669	3.737
6.541	1.843	4.372
5.65	1.885	3.448
6.359	2.014	4.025
4.46	1.608	2.5
7.047	1.569	5.119
4.626	1.544	2.811
6.343	1.772	4.25
6.602	2.062	3.933
6.505	1.719	4.309
5.484	1.917	3.263
6.408	1.572	4.505
5.599	1.821	3.459
8.006	2.049	5.326
6.852	2.115	4.046
6.946	1.764	4.772
4.728	1.656	2.797
6.442	1.862	4.185
5.905	1.733	3.791
5.832	1.598	3.906
5.499	1.7	3.468
6.462	2.132	3.969
6.461	2.213	3.719
7.524	2.499	4.529
7.366	2.513	4.243
6.698	1.651	4.607
3.815	1.248	2.344
5.816	1.432	3.161
5.035	1.432	3.338
4.989	1.318	3.417
4.547	1.453	2.822
8.193	1.817	5.779
4.844	1.456	3.01
5.19	1.45	3.474
4.071	1.337	2.491
4.948	1.682	2.903
4.263	1.555	2.458
8.361	2.064	5.838
3.822	1.307	2.301
7.649	2.21	5.056
7.746	2.093	5.065
8.489	1.696	6.202
3.968	1.314	2.352
5.232	1.421	3.508
5.372	1.798	3.229
4.945	1.519	3.099
4.919	1.674	2.919
5.886	1.713	3.86
3.965	1.272	2.372
4.644	2.187	2.255
4.61	1.291	3.081
5.844	1.909	3.566
5.599	1.521	3.772
5.318	1.699	3.305
4.68	1.59	2.818
6.293	2.149	3.749
9.634	2.582	6.398
8.139	1.875	5.747
4.815	1.338	3.199
4.455	1.522	2.669
6.034	1.728	3.954
4.129	1.432	2.452
6.334	1.922	3.897
5.289	1.553	3.275
4.178	1.308	2.591
4.619	1.707	2.627
4.089	1.348	2.476
4.738	1.695	2.722
6.259	1.584	4.292
5.664	1.896	3.345
7.043	2.047	4.599
5.25	1.876	3.101
4.494	1.44	2.723
4.546	1.551	2.707
6.143	1.921	3.734
6.518	2.177	3.826
10.612	2.842	7.269
4.51	1.281	2.927
9.475	1.519	7.308
4.504	1.516	2.699
6.02	1.713	3.86
6.407	2.208	3.804
7.629	1.636	5.456
11.988	2.287	8.968
8.237	2.282	5.467
7.662	2.241	4.807
8.109	2.013	5.592
3.999	1.318	2.443
4.98	1.284	3.403
4.543	1.531	2.626
5.565	1.569	3.708
9.507	1.835	7.148
6.42	1.603	4.267
4.159	1.396	2.519
4.501	1.248	3.013
5.09	1.558	3.21
6.489	1.496	4.657
4.807	1.919	2.555
4.786	1.278	3.267
4.42	1.427	2.699
6.92	1.722	4.787
6.749	1.935	4.262
6.522	1.613	4.581
9.553	2.786	6.122
5.266	1.337	3.67
4.107	1.366	2.498
6.633	1.569	4.69
6.451	2.136	3.922
9.722	2.154	7.063
4.023	1.354	2.419
5.927	1.643	3.93
4.944	1.807	2.766
6.474	1.814	4.321
6.631	1.986	4.161
5.447	1.513	3.524
5.206	1.435	3.446
6.14	1.648	4.06
4.743	1.622	2.744
7.265	1.926	4.921
4.195	1.315	2.56
6.397	1.92	4.144
4.796	1.374	3.01
4.484	1.547	2.635
5.945	1.93	3.626
5.534	1.595	3.59
4.287	1.353	2.585
4.185	1.377	2.528
5.883	1.93	3.593
7.767	2.177	5.01
7.937	1.82	5.614
4.12	1.334	2.491
4.583	1.679	2.632
5.125	1.796	3.034
6.221	2.011	3.632
4.608	1.297	2.939
8.54	1.812	6.062
3.952	1.375	2.327
6.661	1.712	4.616
6.175	2.066	3.712
4.866	1.276	3.313
4.486	1.523	2.668
5.503	1.456	3.683
4.906	1.481	3.002
5.031	1.279	3.436
4.932	1.855	2.799
8.077	2.282	5.303
6.096	1.999	3.762
4.935	1.358	3.223
4.626	1.551	2.76
5.107	1.32	3.489
4.115	1.476	2.396
6.095	1.632	4.147
9.865	2.645	6.654
8.825	1.724	6.515
4.595	1.505	2.828
5.129	1.346	3.469
4.745	1.613	2.825
6.273	1.722	4.208
5.717	1.618	3.698
7.77	2.14	5.147
4.194	1.353	2.558
4.442	1.491	2.686
5.073	1.708	3.001
4.978	1.629	3.069
6.261	2.067	3.808
7.395	1.698	5.295
4.651	1.435	2.917
5.694	1.514	3.86
4.456	1.408	2.673
6.6	1.689	4.501
7.589	2.464	4.54
8.453	2.598	5.31
7.974	2.363	5.065
8.689	1.825	6.253
5.012	1.784	2.914
5.446	1.622	3.525
5.497	1.737	3.438
5.52	1.429	2.77
4.395	1.522	2.582
5.475	1.419	2.987
5.602	2.015	3.251
4.358	1.394	2.636
5.052	1.379	3.331
4.457	1.586	2.601
11.411	2.106	8.235
4.626	1.464	2.883
5.663	1.837	3.491
5.126	1.571	3.249
4.306	1.381	2.674
5.66	1.969	3.293
8.968	2.427	5.966
4.766	1.261	2.989
5.776	1.657	3.821
4.463	1.328	2.777
6.424	1.794	4.241
5.382	1.813	3.225
7.729	2.057	5.2
8.409	2.403	5.338
5.017	1.286	3.422
4.298	1.643	2.389
6.239	1.574	4.126
3.925	1.311	2.33
5.212	1.516	3.442
5.312	1.531	3.396
4.989	1.439	3.269
4.464	1.526	2.67
6.071	1.604	4.177
4.724	1.421	2.901
8.363	1.569	6.355
4.651	1.476	2.889
5.784	1.548	3.946
5.644	1.976	3.293
7.959	2.404	5.168
6.306	1.851	4.01
8.911	2.247	5.995
9.262	2.335	6.309
4.414	1.335	2.774
4.426	1.397	2.736
4.403	1.51	2.648
4.058	1.298	2.466
5.475	1.751	3.389
5.752	1.85	3.592
5.382	1.665	3.346
3.984	1.299	2.407
6.837	1.873	4.546
5.589	1.713	3.47
7.564	2.105	4.933
5.814	1.953	3.532
7.827	2.161	5.035
4.565	1.354	2.874
3.793	1.28	2.293
4.99	1.83	2.861
5.36	1.818	3.244
6.726	1.735	4.663
8.199	1.864	5.681
8.539	1.733	6.246
4.241	1.525	2.451
5.116	1.44	3.373
4.335	1.459	2.549
5.891	1.756	3.811
6.483	2.133	3.885
7.789	2.247	5.082
5.392	1.738	3.301
7.533	2.051	5.055
5.355	1.714	3.236
12.635	8.735	3.622
4.008	1.282	2.452
6.379	1.535	4.504
5.742	1.84	3.454
9.307	2.675	6.087
4.481	1.368	2.819
5.494	1.493	3.586
4.323	1.364	2.662
6.738	1.988	4.382
4.73	1.423	2.97
4.477	1.549	2.628
6.972	2.228	4.255
7.016	2.488	4.138
6.543	1.997	4.107
4.624	1.39	2.913
4.191	1.482	2.405
4.216	1.455	2.525
5.613	2.018	3.282
6.555	1.694	4.407
4.161	1.561	2.337
6.083	1.652	4.108
7.463	2.072	4.843
6.37	1.688	4.305
4.169	1.293	2.561
4.56	1.316	2.976
4.289	1.686	2.337
6.275	1.477	4.467
5.184	1.891	2.98
5.665	1.766	3.541
6.547	2.096	3.992
5.452	1.914	3.128
8.426	2.052	4.597	1.057	1.057
5.692	1.498	3.864
4.429	1.435	2.661
7.659	1.933	4.356	0.918	0.918
4.273	1.435	2.535
5.771	1.494	3.843
5.568	1.855	3.255
6.243	1.736	3.399	0.747	0.747
5.646	1.744	3.585
7.9	1.992	4.664	0.779	0.779
4.394	1.399	2.662
5.407	1.58	2.646	0.734	0.734
7.942	2.071	4.387	0.945	0.945
8.933	1.978	5.274	1.146	1.146
8.758	2.214	6.001
5.664	1.336	3.027	0.931	0.931
4.247	1.499	2.475
6.351	1.823	4.208
5.651	1.761	3.547
5.765	1.622	3.831
6.499	2.328	3.715
5.307	1.751	3.255
5.001	1.715	2.983
6.11	2.198	3.576
6.471	1.732	4.43
6.142	1.676	3.976
4.681	1.267	3.187
4.236	1.326	2.555
7.631	1.86	4.417	0.808	0.808
4.43	1.432	2.619
5.563	1.487	3.766
4.157	1.34	2.565
6.811	1.983	4.416
6.365	2.151	3.772
5.822	1.492	3.985
4.177	1.368	2.443
5.158	1.499	3.363
6.601	2.149	4.069
8.229	2.07	5.702
5.001	1.759	2.926
4.545	1.531	2.705
7.249	2.035	4.626
4.293	1.404	2.595
4.483	1.485	2.634
6.653	1.612	4.439
7.318	1.834	5.083
4.069	1.388	2.45
5.873	1.543	3.742
4.061	1.301	2.417
4.55	1.604	2.619
4.573	1.533	2.755
4.917	1.627	3.011
5.887	1.564	3.842
4.261	1.236	2.772
7.237	2.038	4.672
3.852	1.315	2.305
5.423	1.636	3.483
6.855	2.116	4.231
7.823	2.04	5.223
6.369	1.962	3.975
7.062	1.976	4.638
4.809	1.415	3.033
6.084	1.81	3.958
7.394	1.804	5.011
5.42	1.727	3.307
5.986	1.929	3.663
5.478	1.759	3.361
9.838	2.353	6.939
4.397	1.467	2.672
3.841	1.349	2.269
4.634	1.45	2.93
8.973	2.156	6.289
8.259	1.913	5.816
6.065	1.529	4.246
3.979	1.345	2.4
5.001	1.52	3.162
5.775	1.826	3.595
9.72	2.072	6.952
4.813	1.465	2.881
4.071	1.298	2.512
5.204	1.615	3.304
5.192	1.891	2.954
6.037	1.948	3.737
11.68	2.046	8.867
5.773	1.586	3.567
5.401	1.528	3.581
4.719	1.647	2.776
5.793	1.429	3.977
6.218	1.741	3.075	0.676	0.676
9.122	1.899	5.212	1.077	1.077
4.938	1.328	2.396	0.712	0.712
8.833	2.036	4.931	1.004	1.004
7.12	1.822	3.449	1.055	1.055
7.099	1.872	4.782
5.348	1.389	2.799	0.72	0.72
6.481	1.653	4.46
8.267	2.43	5.36
5.072	1.366	3.395
4.892	1.637	2.956
6.358	1.945	3.847
5.19	1.801	3.112
5.796	1.638	3.771
14.175	2.184	11.535
7.115	1.407	5.221
4.609	1.537	2.719
4.662	1.367	3.009
5.217	1.773	3.088
6.422	2.158	3.825
6.122	1.996	3.732
6.907	2.129	4.217
6.152	1.785	3.915
5.559	1.617	3.613
4.563	1.367	2.801
4.602	1.656	2.675
4.235	1.397	2.48
4.94	1.32	3.342
4.747	1.76	2.708
6.573	1.958	4.19
4.618	1.521	2.776
6.747	1.843	4.502
6.455	2.109	3.976
8.765	2.245	4.74	0.929	0.929
4.464	1.445	2.738
5.447	1.768	3.33
6.493	2.004	4.124
6.575	2.147	4.029
7.452	2.137	4.893
11.939	2.084	9.15
4.356	1.377	2.716
6.039	1.957	3.715
4.06	1.347	2.373
4.295	1.528	2.516
4.639	1.57	2.801
5.501	1.821	3.35
5.85	1.95	3.5
5.981	1.623	3.967
9.787	2.512	6.703
3.787	1.211	2.341
7.142	1.932	4.776
5.433	1.739	3.274
5.666	1.788	3.497
7.584	2.127	4.857
8.178	2.058	5.609
4.603	1.355	2.871
4.18	1.381	2.495
4.277	1.357	2.555
5.41	1.534	3.479
5.071	1.812	2.952
6.957	1.813	4.734
5.412	1.583	3.451
6.645	1.736	4.532
4.775	1.553	2.932
9.488	2.32	6.614
4.889	1.511	3.051
5.077	1.504	3.289
4.228	1.39	2.553
5.695	1.611	3.78
4.517	1.484	2.735
5.188	1.427	3.462
5.36	1.797	3.173
4.654	1.335	3.031
4.755	1.53	2.86
11.11	2.276	8.284
4.686	1.526	2.864
5.976	1.655	3.998
6.446	2.254	3.806
7.274	1.851	4.959
4.714	1.664	2.661
7.492	2.066	4.953
5.781	1.962	3.434
5.071	1.422	3.369
3.929	1.332	2.367
5.281	1.528	3.489
6.984	2.005	4.611
6.324	1.804	4.027
6.119	1.442	4.394
5.067	1.565	3.115
7.013	1.764	4.84
4.231	1.346	2.611
5.356	1.477	3.563
6.517	1.87	4.084
5.836	1.533	3.998
4.412	1.362	2.692
8.976	2.012	6.322
4.936	1.412	3.089
4.203	1.344	2.598
4.196	1.427	2.454
4.648	1.459	2.85
4.351	1.294	2.676
5.904	1.616	3.779
4.205	1.357	2.569
5.732	1.403	3.985
5.505	1.798	3.371
7.183	2.267	4.521
5.389	1.827	3.243
5.613	1.577	3.763
6.969	2.165	4.345
8.116	2.309	5.364
4.313	1.472	2.571
4.959	1.398	3.289
6.591	1.758	4.366
7.035	2.165	4.515
7.151	2.778	3.937
11.784	2.454	8.701
4.654	1.537	2.688
6.491	1.584	4.594
6.695	1.818	4.082
6.402	1.591	4.44
4.646	1.418	2.877
5.99	1.709	3.944
3.855	1.261	2.308
6.06	1.491	4.257
5.888	1.994	3.538
7.776	2.096	5.283
6.024	1.841	3.747
5.138	1.409	3.466
4.165	1.516	2.403
6.511	2.752	3.386
8.868	2.125	5.033	1.15	1.15
9.121	3.358	4.435	0.701	0.701
7.494	1.659	4.333	0.828	0.828
5.198	1.525	2.604	0.681	0.681
6.373	1.576	3.614	0.775	0.775
6.449	1.723	3.293	0.873	0.873
8.366	1.831	4.942	1.041	1.041
5.549	1.498	2.77	0.91	0.91
5.951	1.657	3.152	0.768	0.768
6.472	1.877	3.228	0.848	0.848
7.497	1.769	5.304
4.544	1.428	2.755
4.682	1.463	2.901
4.668	1.467	2.843
5.461	1.555	3.555
4.512	1.533	2.631
8.035	2.087	5.495
5.753	1.954	3.425
7.146	2.045	4.752
6.058	2.05	3.587
7.872	2.023	5.433
8.775	2.626	5.546
5.734	1.996	3.378
4.045	1.306	2.463
6.659	1.96	4.333
4.277	1.321	2.669
4.992	1.337	3.309
4.663	1.626	2.77
5.189	1.486	3.35
4.609	1.411	2.851
4.237	1.392	2.536
5.684	1.709	3.651
5.909	1.654	3.942
5.158	1.53	3.199
5.512	1.449	3.741
4.88	1.715	2.876
4.825	1.344	3.228
5.725	1.948	3.388
6.317	1.885	4.08
5.761	1.84	3.473
4.453	1.36	2.818
4.84	1.703	2.867
5.208	1.702	3.188
5.515	1.717	3.438
7.273	2.411	4.35
6.661	2.257	3.998
6.469	2.187	3.86
6.74	1.626	4.49
5.749	1.707	3.581
4.91	1.588	2.912
4.742	1.487	2.904
4.49	1.47	2.669
7.064	1.838	4.818
6.263	1.695	4.152
10.314	1.77	7.138
6.127	1.533	4.189
7.328	1.587	5.228
5.845	1.686	3.735
9.466	2.688	6.339
6.253	1.5	4.4
6.635	1.565	4.635
5.625	1.435	3.854
4.678	1.512	2.797
6.601	1.741	4.449
5.302	1.438	3.473
7.007	1.548	4.948
5.915	2.038	3.397
7.87	1.98	5.413
4.581	1.795	2.535
4.928	1.558	3.06
4.515	1.534	2.706
7.799	1.922	5.413
5.038	1.494	3.185
6.457	1.582	4.508
4.205	1.515	2.443
5.03	1.974	2.773
4.713	1.499	2.898
5.593	1.547	3.782
3.992	1.376	2.345
5.192	1.455	3.435
4.584	1.53	2.787
3.991	1.388	2.345
7.5	2.053	5.033
5.851	1.696	3.859
5.404	1.728	3.223
9.783	2.474	6.672
7.304	2.104	4.567
11.739	1.654	9.575
4.787	1.509	2.96
7.175	2.53	4.283
4.977	1.925	2.781
12.915	1.773	10.666
5.258	2.08	2.748
4.8	1.537	2.92
6.482	1.926	4.112
5.204	1.67	3.145
4.121	1.397	2.476
5.316	1.421	3.602
4.798	1.597	2.88
7.83	1.969	5.413
4.166	1.349	2.469
5.574	1.4	3.772
5.842	1.864	3.548
6.996	1.801	4.796
6.336	2.123	3.492
8.093	2.276	5.317
4.23	1.46	2.525
6.457	1.899	4.13
4.63	1.438	2.849
6.245	2.088	3.732
5.193	1.529	3.167
5.601	1.818	3.345
4.774	1.694	2.766
5.343	1.76	3.27
5.732	2.031	3.358
6.646	1.78	4.496
7.54	2.176	4.635
4.967	1.649	2.866
4.319	1.431	2.623
6.845	1.77	4.646
4.849	1.695	2.79
5.514	1.619	3.584
9.28	2.439	6.354
5.465	1.417	3.749
5.495	1.937	3.151
6.085	1.686	4.023
6.901	2.183	4.286
5.483	1.499	3.7
4.686	1.386	2.937
5.133	1.312	3.505
15.865	2.635	12.749
5.573	1.43	3.816
4.531	1.487	2.683
5.405	1.609	3.424
4.441	1.333	2.784
5.648	1.473	3.89
8.095	1.966	5.631
4.798	1.76	2.747
5.327	1.738	3.287
7.45	2.162	4.736
4.805	1.804	2.711
4.708	1.703	2.663
4.567	1.55	2.731
5.56	1.9	3.338
7.776	2.025	5.243
5.533	1.857	3.305
8.877	2.339	6.035
4.465	1.741	2.466
6.753	2.001	4.443
7.77	2.407	4.624
6.233	1.793	4.13
6.076	1.901	3.742
4.915	1.682	2.744
4.755	1.56	2.882
4.317	1.416	2.639
5.533	1.644	3.419
9.371	1.839	6.96
4.593	1.543	2.779
5.509	1.608	3.396
5.388	1.728	3.29
5.416	1.386	3.718
8.58	1.951	6.078
4.762	1.226	3.209
5.536	1.714	3.481
4.482	1.609	2.606
5.455	1.816	3.335
6.374	2.027	3.939
7.164	2.112	4.483
6.394	1.881	4.15
6.612	2.037	4.094
4.875	1.367	3.047
3.974	1.266	2.456
4.814	1.427	3.008
4.785	1.536	2.884
4.468	1.513	2.669
6.207	1.774	4.062
7.196	2.416	4.351
7.055	2.085	4.464
5.014	1.312	3.422
4.773	1.478	2.909
5.834	1.567	3.901
5.091	1.421	3.383
5.011	1.46	3.272
5.064	1.719	2.98
5.283	1.741	3.267
4.743	1.576	2.868
6.211	1.934	3.892
4.732	1.601	2.843
6.083	1.613	4.164
4.752	1.548	2.91
6.235	1.737	4.155
4.325	1.713	2.367
5.71	1.698	3.674
8.304	1.913	5.819
9.788	2.765	6.348
4.686	1.454	2.855
6.393	1.466	4.555
4.643	1.544	2.799
5.284	1.459	3.51
7.792	2.602	4.776
5.912	2.036	3.565
4.555	1.468	2.81
6.538	1.696	4.466
3.895	1.303	2.356
5.146	1.538	3.344
5.238	1.797	3.131
7.725	1.999	5.342
9.359	2.778	6.012
4.371	1.404	2.651
4.616	1.495	2.864
4.819	1.301	2.534	0.667	0.667
4.925	1.45	2.44	0.694	0.694
4.488	1.459	2.638
5.142	1.769	3.044
5.417	1.52	3.594
4.384	1.407	2.623
5.867	1.547	3.999
4.753	1.596	2.837
5.93	1.709	3.851
7.749	2.252	4.85
5.099	1.662	3.164
4.235	1.393	2.56
5.609	1.506	3.817
5.358	1.588	3.422
6.045	1.608	3.968
5.252	1.765	3.088
6.968	2.139	4.205
6.917	1.921	4.487
6.051	1.84	3.807
5.269	1.808	3.17
5.909	1.766	3.697
5.707	1.972	3.331
10.954	2.51	7.762
3.939	1.241	2.449
5.493	1.474	3.685
5.446	1.89	3.246
5.674	1.525	3.805
8.207	2.746	4.844
5.491	1.521	3.692
6.826	2.119	4.249
4.01	1.408	2.357
7.782	1.697	5.599
5.196	1.626	3.124
6.653	1.452	4.681
4.103	1.339	2.477
5.477	1.432	3.777
6.595	2.017	4.098
6.363	1.921	4.011
5.603	1.815	3.428
6.436	1.925	4.143
5.543	1.732	3.444
5.968	1.295	4.18
7.197	2.288	4.398
7.478	2.335	4.513
7.809	1.571	5.7
4.616	1.25	3.118
3.916	1.281	2.346
6.653	1.706	4.56
4.043	1.402	2.405
5.058	1.295	3.477
5.104	1.669	3.087
4.289	1.3	2.68
4.236	1.361	2.588
3.977	1.378	2.311
4.417	1.412	2.711
9.497	2.237	6.501
13.216	1.511	11.366
8.811	2.528	5.854
4.836	1.383	3.192
4.359	1.439	2.599
8.326	1.309	6.541
5.828	1.644	3.812
5.915	1.613	4.014
4.726	1.5	2.873
6.009	1.543	4.17
5.815	2.102	3.346
7.239	1.998	4.652
5.213	1.571	3.283
4.62	1.581	2.756
4.042	1.372	2.423
5.75	1.662	3.743
4.185	1.402	2.49
5.944	1.744	3.878
5.112	1.896	2.908
8.301	2.275	5.407
4.787	1.681	2.758
5.443	1.457	3.692
4.248	1.463	2.53
6.24	1.787	4.087
6.273	1.976	3.767
6.955	1.767	4.744
5.242	1.34	3.523
5.369	1.483	3.514
4.757	1.407	2.989
4.845	1.335	3.133
5.882	1.696	3.787
4.487	1.469	2.727
